-- MySQL Script generated by MySQL Workbench
-- Wed Feb 22 16:05:39 2017
-- Model: New Model    Version: 1.0
-- MySQL Workbench Forward Engineering

SET @OLD_UNIQUE_CHECKS=@@UNIQUE_CHECKS, UNIQUE_CHECKS=0;
SET @OLD_FOREIGN_KEY_CHECKS=@@FOREIGN_KEY_CHECKS, FOREIGN_KEY_CHECKS=0;
SET @OLD_SQL_MODE=@@SQL_MODE, SQL_MODE='TRADITIONAL,ALLOW_INVALID_DATES';

-- -----------------------------------------------------
-- Schema jab14r
-- -----------------------------------------------------
DROP SCHEMA IF EXISTS `jab14r` ;

-- -----------------------------------------------------
-- Schema jab14r
-- -----------------------------------------------------
CREATE SCHEMA IF NOT EXISTS `jab14r` DEFAULT CHARACTER SET utf8 ;
SHOW WARNINGS;
USE `jab14r` ;

-- -----------------------------------------------------
-- Table `jab14r`.`petstore`
-- -----------------------------------------------------
DROP TABLE IF EXISTS `jab14r`.`petstore` ;

SHOW WARNINGS;
CREATE TABLE IF NOT EXISTS `jab14r`.`petstore` (
  `pst_id` SMALLINT UNSIGNED NOT NULL,
  `pst_name` VARCHAR(30) NOT NULL,
  `pst_street` VARCHAR(30) NOT NULL,
  `pst_city` VARCHAR(30) NOT NULL,
  `pst_state` CHAR(2) NOT NULL,
  `pst_zip` INT(9) NOT NULL,
  `pst_phone` BIGINT NOT NULL,
  `pst_email` VARCHAR(100) NOT NULL,
  `pst_url` VARCHAR(100) NOT NULL,
  `pst_ytd_sale` DECIMAL(10,2) NOT NULL,
  `pst_notes` VARCHAR(255) NULL,
  PRIMARY KEY (`pst_id`))
ENGINE = InnoDB;

SHOW WARNINGS;

-- -----------------------------------------------------
-- Table `jab14r`.`customer`
-- -----------------------------------------------------
DROP TABLE IF EXISTS `jab14r`.`customer` ;

SHOW WARNINGS;
CREATE TABLE IF NOT EXISTS `jab14r`.`customer` (
  `cus_id` SMALLINT UNSIGNED NOT NULL,
  `cus_fname` VARCHAR(15) NOT NULL,
  `cus_lname` VARCHAR(30) NOT NULL,
  `cus_street` VARCHAR(30) NOT NULL,
  `cus_city` VARCHAR(30) NOT NULL,
  `cus_state` CHAR(2) NOT NULL,
  `cus_zip` INT NOT NULL,
  `cus_phone` BIGINT NOT NULL,
  `cus_email` VARCHAR(100) NOT NULL,
  `cus_balance` DECIMAL(6,2) NOT NULL,
  `cus_total_sales` DECIMAL(6,2) NOT NULL,
  `cus_notes` VARCHAR(255) NULL,
  PRIMARY KEY (`cus_id`))
ENGINE = InnoDB;

SHOW WARNINGS;

-- -----------------------------------------------------
-- Table `jab14r`.`pet`
-- -----------------------------------------------------
DROP TABLE IF EXISTS `jab14r`.`pet` ;

SHOW WARNINGS;
CREATE TABLE IF NOT EXISTS `jab14r`.`pet` (
  `pet_id` SMALLINT UNSIGNED NOT NULL,
  `pst_id` SMALLINT UNSIGNED NOT NULL,
  `cus_id` SMALLINT UNSIGNED NOT NULL,
  `pet_type` VARCHAR(45) NOT NULL,
  `pet_sex` ENUM('m', 'f') NOT NULL,
  `pet_cost` DECIMAL(6,2) NOT NULL,
  `pet_price` DECIMAL(6,2) NOT NULL,
  `pet_age` TINYINT NOT NULL,
  `pet_color` VARCHAR(30) NOT NULL,
  `pet_sale_date` DATE NULL,
  `pet_vaccine` ENUM('y', 'n') NOT NULL,
  `pet_neuter` ENUM('y', 'n') NOT NULL,
  `pet_notes` VARCHAR(255) NULL,
  PRIMARY KEY (`pet_id`),
  INDEX `pst_id_idx` (`pst_id` ASC),
  INDEX `cus_id_idx` (`cus_id` ASC),
  CONSTRAINT `fk_pst_id`
    FOREIGN KEY (`pst_id`)
    REFERENCES `jab14r`.`petstore` (`pst_id`)
    ON DELETE NO ACTION
    ON UPDATE NO ACTION,
  CONSTRAINT `fk_cus_id`
    FOREIGN KEY (`cus_id`)
    REFERENCES `jab14r`.`customer` (`cus_id`)
    ON DELETE NO ACTION
    ON UPDATE NO ACTION)
ENGINE = InnoDB;

SHOW WARNINGS;

SET SQL_MODE=@OLD_SQL_MODE;
SET FOREIGN_KEY_CHECKS=@OLD_FOREIGN_KEY_CHECKS;
SET UNIQUE_CHECKS=@OLD_UNIQUE_CHECKS;

-- -----------------------------------------------------
-- Data for table `jab14r`.`petstore`
-- -----------------------------------------------------
START TRANSACTION;
USE `jab14r`;
INSERT INTO `jab14r`.`petstore` (`pst_id`, `pst_name`, `pst_street`, `pst_city`, `pst_state`, `pst_zip`, `pst_phone`, `pst_email`, `pst_url`, `pst_ytd_sale`, `pst_notes`) VALUES (1, 'ILikePets', '123 Sing St', 'Tallahassee', 'FL', 12345, 8502121542, 'pets@gmail.com', 'pets.com', 2017-01-01, NULL);
INSERT INTO `jab14r`.`petstore` (`pst_id`, `pst_name`, `pst_street`, `pst_city`, `pst_state`, `pst_zip`, `pst_phone`, `pst_email`, `pst_url`, `pst_ytd_sale`, `pst_notes`) VALUES (2, 'PetCo', '666 Gaines St', 'Tallahassee', 'FL', 32312, 2316547854, 'petco@gmail.com', 'petco.com', 2017-01-02, NULL);
INSERT INTO `jab14r`.`petstore` (`pst_id`, `pst_name`, `pst_street`, `pst_city`, `pst_state`, `pst_zip`, `pst_phone`, `pst_email`, `pst_url`, `pst_ytd_sale`, `pst_notes`) VALUES (3, 'Pet SuperMarket', '12 W Call St', 'Tallahassee', 'FL', 32317, 4561234521, 'petsuper@gmail.com', 'petsuper.com', 2017-01-03, NULL);
INSERT INTO `jab14r`.`petstore` (`pst_id`, `pst_name`, `pst_street`, `pst_city`, `pst_state`, `pst_zip`, `pst_phone`, `pst_email`, `pst_url`, `pst_ytd_sale`, `pst_notes`) VALUES (4, 'Walmart', '10 Academic Way', 'Tallahassee', 'FL', 32315, 1234567854, 'walmart@gmail.com', 'walmart.com', 2017-01-04, NULL);
INSERT INTO `jab14r`.`petstore` (`pst_id`, `pst_name`, `pst_street`, `pst_city`, `pst_state`, `pst_zip`, `pst_phone`, `pst_email`, `pst_url`, `pst_ytd_sale`, `pst_notes`) VALUES (5, 'Dogs', '44 Capital Circle', 'Tallahassee', 'FL', 32301, 4455456523, 'dogs@gmail.com', 'dogs.com', 2017-01-05, NULL);
INSERT INTO `jab14r`.`petstore` (`pst_id`, `pst_name`, `pst_street`, `pst_city`, `pst_state`, `pst_zip`, `pst_phone`, `pst_email`, `pst_url`, `pst_ytd_sale`, `pst_notes`) VALUES (6, 'Cats', '848 Song Way', 'Tallahassee ', 'FL', 32305, 3214566325, 'cats@gmail.com', 'cats.com', 2017-01-06, NULL);
INSERT INTO `jab14r`.`petstore` (`pst_id`, `pst_name`, `pst_street`, `pst_city`, `pst_state`, `pst_zip`, `pst_phone`, `pst_email`, `pst_url`, `pst_ytd_sale`, `pst_notes`) VALUES (7, 'Pets', '676 NYC Ln', 'Tallahassee', 'FL', 32314, 1112223333, 'pets2@gmail.com', 'pets2.com', 2017-01-07, NULL);
INSERT INTO `jab14r`.`petstore` (`pst_id`, `pst_name`, `pst_street`, `pst_city`, `pst_state`, `pst_zip`, `pst_phone`, `pst_email`, `pst_url`, `pst_ytd_sale`, `pst_notes`) VALUES (8, 'Pet Store', '12 Governors Blvd', 'Tallahassee', 'FL', 32307, 2223334444, 'petstore@gmail.com', 'petstore.com', 2017-01-08, NULL);
INSERT INTO `jab14r`.`petstore` (`pst_id`, `pst_name`, `pst_street`, `pst_city`, `pst_state`, `pst_zip`, `pst_phone`, `pst_email`, `pst_url`, `pst_ytd_sale`, `pst_notes`) VALUES (9, 'PetsRus', '456 Numbers Rd', 'Tallahassee', 'FL', 32314, 5214522145, 'petsrus@gmail.com', 'petsrus.com', 2017-01-09, NULL);
INSERT INTO `jab14r`.`petstore` (`pst_id`, `pst_name`, `pst_street`, `pst_city`, `pst_state`, `pst_zip`, `pst_phone`, `pst_email`, `pst_url`, `pst_ytd_sale`, `pst_notes`) VALUES (10, 'Tally Pets', '999 Nine Rd', 'Tallahassee', 'FL', 32312, 3214569856, 'tallypets@gmail.com', 'tallypets.com', 2017-01-10, NULL);

COMMIT;


-- -----------------------------------------------------
-- Data for table `jab14r`.`customer`
-- -----------------------------------------------------
START TRANSACTION;
USE `jab14r`;
INSERT INTO `jab14r`.`customer` (`cus_id`, `cus_fname`, `cus_lname`, `cus_street`, `cus_city`, `cus_state`, `cus_zip`, `cus_phone`, `cus_email`, `cus_balance`, `cus_total_sales`, `cus_notes`) VALUES (10, 'Joe', 'Brierton', '123 W Call St.', 'Tallahassee', 'FL', 12345, 1234567891, 'brerton@gmail.com', 500.00, 300.00, NULL);
INSERT INTO `jab14r`.`customer` (`cus_id`, `cus_fname`, `cus_lname`, `cus_street`, `cus_city`, `cus_state`, `cus_zip`, `cus_phone`, `cus_email`, `cus_balance`, `cus_total_sales`, `cus_notes`) VALUES (9, 'Austin', 'Discoli', '123 Jackson Bluff Rd', 'Tallahassee', 'FL', 32345, 8521232145, 'discoli@gmail.com', 400.00, 200.00, NULL);
INSERT INTO `jab14r`.`customer` (`cus_id`, `cus_fname`, `cus_lname`, `cus_street`, `cus_city`, `cus_state`, `cus_zip`, `cus_phone`, `cus_email`, `cus_balance`, `cus_total_sales`, `cus_notes`) VALUES (8, 'Alan', 'Fay', '444 Four Rd', 'Tallahassee', 'FL', 32323, 2144544545, 'fay@gmail.com', 300.00, 100.00, NULL);
INSERT INTO `jab14r`.`customer` (`cus_id`, `cus_fname`, `cus_lname`, `cus_street`, `cus_city`, `cus_state`, `cus_zip`, `cus_phone`, `cus_email`, `cus_balance`, `cus_total_sales`, `cus_notes`) VALUES (7, 'Hannah', 'Sain', '321 Countdown St', 'Tallahassee', 'FL', 32312, 2587411254, 'sain@gmail.com', 500.00, 160.00, NULL);
INSERT INTO `jab14r`.`customer` (`cus_id`, `cus_fname`, `cus_lname`, `cus_street`, `cus_city`, `cus_state`, `cus_zip`, `cus_phone`, `cus_email`, `cus_balance`, `cus_total_sales`, `cus_notes`) VALUES (6, 'Natalie', 'Losso', '500 North St', 'Tallahassee', 'FL', 12345, 9638527458, 'losso@gmail.com', 400.00, 250.00, NULL);
INSERT INTO `jab14r`.`customer` (`cus_id`, `cus_fname`, `cus_lname`, `cus_street`, `cus_city`, `cus_state`, `cus_zip`, `cus_phone`, `cus_email`, `cus_balance`, `cus_total_sales`, `cus_notes`) VALUES (5, 'John', 'Burt', '500 West St', 'Tallahassee', 'FL', 67676, 7418523652, 'but@gmail.com', 300.00, 150.00, NULL);
INSERT INTO `jab14r`.`customer` (`cus_id`, `cus_fname`, `cus_lname`, `cus_street`, `cus_city`, `cus_state`, `cus_zip`, `cus_phone`, `cus_email`, `cus_balance`, `cus_total_sales`, `cus_notes`) VALUES (4, 'Jackie', 'Bosso', '500 East St', 'Tallahassee', 'FL', 32345, 8524567532, 'bosso@gmail.com', 500.00, 250.00, NULL);
INSERT INTO `jab14r`.`customer` (`cus_id`, `cus_fname`, `cus_lname`, `cus_street`, `cus_city`, `cus_state`, `cus_zip`, `cus_phone`, `cus_email`, `cus_balance`, `cus_total_sales`, `cus_notes`) VALUES (3, 'Reid', 'Thebu', '500 South St', 'Tallahassee', 'FL', 32345, 1597534568, 'thebu@gmail.com', 400.00, 300.00, NULL);
INSERT INTO `jab14r`.`customer` (`cus_id`, `cus_fname`, `cus_lname`, `cus_street`, `cus_city`, `cus_state`, `cus_zip`, `cus_phone`, `cus_email`, `cus_balance`, `cus_total_sales`, `cus_notes`) VALUES (2, 'Ron', 'Weasly', '1600 W Call St', 'Tallahassee', 'FL', 32390, 7458789456, 'weasly@gmail.com', 300.00, 270.00, NULL);
INSERT INTO `jab14r`.`customer` (`cus_id`, `cus_fname`, `cus_lname`, `cus_street`, `cus_city`, `cus_state`, `cus_zip`, `cus_phone`, `cus_email`, `cus_balance`, `cus_total_sales`, `cus_notes`) VALUES (1, 'Iyhate', 'Mylyfe', '17 Svteen St', 'Tallahassee', 'FL', 33333, 3216548585, 'mylyfe@gmail.com', 500.00, 480.00, NULL);

COMMIT;


-- -----------------------------------------------------
-- Data for table `jab14r`.`pet`
-- -----------------------------------------------------
START TRANSACTION;
USE `jab14r`;
INSERT INTO `jab14r`.`pet` (`pet_id`, `pst_id`, `cus_id`, `pet_type`, `pet_sex`, `pet_cost`, `pet_price`, `pet_age`, `pet_color`, `pet_sale_date`, `pet_vaccine`, `pet_neuter`, `pet_notes`) VALUES (11, 1, 10, 'Bird', 'm', 150.00, 200.00, 1, 'Blue', NULL, 'y', 'n', NULL);
INSERT INTO `jab14r`.`pet` (`pet_id`, `pst_id`, `cus_id`, `pet_type`, `pet_sex`, `pet_cost`, `pet_price`, `pet_age`, `pet_color`, `pet_sale_date`, `pet_vaccine`, `pet_neuter`, `pet_notes`) VALUES (12, 2, 9, 'Bird', 'f', 150.00, 200.00, 1, 'Red', '2015-07-04', 'y', 'n', NULL);
INSERT INTO `jab14r`.`pet` (`pet_id`, `pst_id`, `cus_id`, `pet_type`, `pet_sex`, `pet_cost`, `pet_price`, `pet_age`, `pet_color`, `pet_sale_date`, `pet_vaccine`, `pet_neuter`, `pet_notes`) VALUES (13, 3, 8, 'Cat', 'm', 300.00, 375.00, 1, 'Black', '2012-01-21', 'y', 'n', NULL);
INSERT INTO `jab14r`.`pet` (`pet_id`, `pst_id`, `cus_id`, `pet_type`, `pet_sex`, `pet_cost`, `pet_price`, `pet_age`, `pet_color`, `pet_sale_date`, `pet_vaccine`, `pet_neuter`, `pet_notes`) VALUES (14, 4, 7, 'Dog', 'm', 400.00, 500.00, 1, 'Black', '2013-01-22', 'y', 'n', NULL);
INSERT INTO `jab14r`.`pet` (`pet_id`, `pst_id`, `cus_id`, `pet_type`, `pet_sex`, `pet_cost`, `pet_price`, `pet_age`, `pet_color`, `pet_sale_date`, `pet_vaccine`, `pet_neuter`, `pet_notes`) VALUES (15, 5, 6, 'Dog', 'm', 400.00, 500.0, 2, 'Brown', NULL, 'y', 'n', NULL);
INSERT INTO `jab14r`.`pet` (`pet_id`, `pst_id`, `cus_id`, `pet_type`, `pet_sex`, `pet_cost`, `pet_price`, `pet_age`, `pet_color`, `pet_sale_date`, `pet_vaccine`, `pet_neuter`, `pet_notes`) VALUES (16, 6, 5, 'Rabbit', 'f', 57.00, 100.00, 1, 'White', NULL, 'y', 'n', NULL);
INSERT INTO `jab14r`.`pet` (`pet_id`, `pst_id`, `cus_id`, `pet_type`, `pet_sex`, `pet_cost`, `pet_price`, `pet_age`, `pet_color`, `pet_sale_date`, `pet_vaccine`, `pet_neuter`, `pet_notes`) VALUES (17, 7, 4, 'Hamster', 'f', 36.00, 50.00, 1, 'Brown', NULL, 'y', 'n', NULL);
INSERT INTO `jab14r`.`pet` (`pet_id`, `pst_id`, `cus_id`, `pet_type`, `pet_sex`, `pet_cost`, `pet_price`, `pet_age`, `pet_color`, `pet_sale_date`, `pet_vaccine`, `pet_neuter`, `pet_notes`) VALUES (18, 8, 3, 'Dog', 'm', 500.00, 600.00, 2, 'Blonde', '2015-02-22', 'y', 'n', NULL);
INSERT INTO `jab14r`.`pet` (`pet_id`, `pst_id`, `cus_id`, `pet_type`, `pet_sex`, `pet_cost`, `pet_price`, `pet_age`, `pet_color`, `pet_sale_date`, `pet_vaccine`, `pet_neuter`, `pet_notes`) VALUES (19, 9, 2, 'Bird', 'f', 300.00, 375.00, 2, 'Green', NULL, 'y', 'y', NULL);
INSERT INTO `jab14r`.`pet` (`pet_id`, `pst_id`, `cus_id`, `pet_type`, `pet_sex`, `pet_cost`, `pet_price`, `pet_age`, `pet_color`, `pet_sale_date`, `pet_vaccine`, `pet_neuter`, `pet_notes`) VALUES (20, 10, 1, 'Dog', 'm', 400.00, 500.00, 1, 'Black', NULL, 'y', 'n', NULL);

COMMIT;

